filename,class,split
raw/sitting/sitting_085.jpg,sitting,train
raw/sitting/sitting_054.jpg,sitting,train
raw/standing/standing_059.jpg,standing,train
raw/waving/waving_078.jpg,waving,train
raw/waving/waving_100.jpg,waving,train
raw/standing/standing_098.jpg,standing,train
raw/standing/standing_043.jpg,standing,train
raw/waving/waving_058.jpg,waving,train
raw/waving/waving_081.jpg,waving,train
raw/standing/standing_039.jpg,standing,train
raw/sitting/sitting_037.jpg,sitting,train
raw/sitting/sitting_039.jpg,sitting,train
raw/standing/standing_054.jpg,standing,train
raw/waving/waving_108.jpg,waving,train
raw/sitting/sitting_115.jpg,sitting,train
raw/standing/standing_118.jpg,standing,train
raw/waving/waving_113.jpg,waving,train
raw/waving/waving_085.jpg,waving,train
raw/standing/standing_095.jpg,standing,train
raw/waving/waving_076.jpg,waving,train
raw/sitting/sitting_016.jpg,sitting,train
raw/waving/waving_083.jpg,waving,train
raw/sitting/sitting_005.jpg,sitting,train
raw/sitting/sitting_073.jpg,sitting,train
raw/waving/waving_117.jpg,waving,train
raw/sitting/sitting_096.jpg,sitting,train
raw/sitting/sitting_114.jpg,sitting,train
raw/sitting/sitting_118.jpg,sitting,train
raw/waving/waving_054.jpg,waving,train
raw/sitting/sitting_098.jpg,sitting,train
raw/standing/standing_080.jpg,standing,train
raw/waving/waving_029.jpg,waving,train
raw/standing/standing_022.jpg,standing,train
raw/waving/waving_095.jpg,waving,train
raw/sitting/sitting_117.jpg,sitting,train
raw/sitting/sitting_041.jpg,sitting,train
raw/sitting/sitting_031.jpg,sitting,train
raw/waving/waving_026.jpg,waving,train
raw/sitting/sitting_026.jpg,sitting,train
raw/sitting/sitting_066.jpg,sitting,train
raw/waving/waving_048.jpg,waving,train
raw/waving/waving_017.jpg,waving,train
raw/waving/waving_043.jpg,waving,train
raw/sitting/sitting_019.jpg,sitting,train
raw/sitting/sitting_099.jpg,sitting,train
raw/waving/waving_013.jpg,waving,train
raw/sitting/sitting_074.jpg,sitting,train
raw/sitting/sitting_034.jpg,sitting,train
raw/waving/waving_106.jpg,waving,train
raw/standing/standing_082.jpg,standing,train
raw/standing/standing_084.jpg,standing,train
raw/standing/standing_052.jpg,standing,train
raw/sitting/sitting_007.jpg,sitting,train
raw/waving/waving_065.jpg,waving,train
raw/waving/waving_002.jpg,waving,train
raw/waving/waving_046.jpg,waving,train
raw/standing/standing_097.jpg,standing,train
raw/standing/standing_016.jpg,standing,train
raw/sitting/sitting_082.jpg,sitting,train
raw/standing/standing_060.jpg,standing,train
raw/sitting/sitting_055.jpg,sitting,train
raw/standing/standing_029.jpg,standing,train
raw/sitting/sitting_086.jpg,sitting,train
raw/sitting/sitting_025.jpg,sitting,train
raw/sitting/sitting_078.jpg,sitting,train
raw/standing/standing_108.jpg,standing,train
raw/waving/waving_055.jpg,waving,train
raw/sitting/sitting_029.jpg,sitting,train
raw/sitting/sitting_112.jpg,sitting,train
raw/sitting/sitting_010.jpg,sitting,train
raw/standing/standing_038.jpg,standing,train
raw/waving/waving_022.jpg,waving,train
raw/waving/waving_009.jpg,waving,train
raw/sitting/sitting_062.jpg,sitting,train
raw/waving/waving_035.jpg,waving,train
raw/standing/standing_025.jpg,standing,train
raw/sitting/sitting_084.jpg,sitting,train
raw/sitting/sitting_081.jpg,sitting,train
raw/waving/waving_063.jpg,waving,train
raw/sitting/sitting_057.jpg,sitting,train
raw/waving/waving_014.jpg,waving,train
raw/sitting/sitting_063.jpg,sitting,train
raw/standing/standing_018.jpg,standing,train
raw/sitting/sitting_080.jpg,sitting,train
raw/waving/waving_102.jpg,waving,train
raw/sitting/sitting_048.jpg,sitting,train
raw/sitting/sitting_047.jpg,sitting,train
raw/waving/waving_111.jpg,waving,train
raw/standing/standing_068.jpg,standing,train
raw/sitting/sitting_056.jpg,sitting,train
raw/standing/standing_063.jpg,standing,train
raw/waving/waving_066.jpg,waving,train
raw/standing/standing_110.jpg,standing,train
raw/waving/waving_025.jpg,waving,train
raw/standing/standing_083.jpg,standing,train
raw/standing/standing_116.jpg,standing,train
raw/standing/standing_004.jpg,standing,train
raw/standing/standing_055.jpg,standing,train
raw/waving/waving_086.jpg,waving,train
raw/sitting/sitting_108.jpg,sitting,train
raw/standing/standing_115.jpg,standing,train
raw/waving/waving_028.jpg,waving,train
raw/waving/waving_010.jpg,waving,train
raw/sitting/sitting_023.jpg,sitting,train
raw/standing/standing_010.jpg,standing,train
raw/waving/waving_041.jpg,waving,train
raw/standing/standing_089.jpg,standing,train
raw/standing/standing_032.jpg,standing,train
raw/waving/waving_047.jpg,waving,train
raw/waving/waving_074.jpg,waving,train
raw/standing/standing_100.jpg,standing,train
raw/standing/standing_076.jpg,standing,train
raw/standing/standing_114.jpg,standing,train
raw/waving/waving_053.jpg,waving,train
raw/standing/standing_056.jpg,standing,train
raw/waving/waving_049.jpg,waving,train
raw/standing/standing_120.jpg,standing,train
raw/waving/waving_084.jpg,waving,train
raw/standing/standing_096.jpg,standing,train
raw/standing/standing_087.jpg,standing,train
raw/sitting/sitting_051.jpg,sitting,train
raw/sitting/sitting_077.jpg,sitting,train
raw/waving/waving_116.jpg,waving,train
raw/waving/waving_051.jpg,waving,train
raw/waving/waving_091.jpg,waving,train
raw/waving/waving_088.jpg,waving,train
raw/standing/standing_119.jpg,standing,train
raw/waving/waving_069.jpg,waving,train
raw/sitting/sitting_095.jpg,sitting,train
raw/standing/standing_061.jpg,standing,train
raw/sitting/sitting_046.jpg,sitting,train
raw/sitting/sitting_004.jpg,sitting,train
raw/sitting/sitting_092.jpg,sitting,train
raw/standing/standing_013.jpg,standing,train
raw/waving/waving_101.jpg,waving,train
raw/standing/standing_050.jpg,standing,train
raw/sitting/sitting_091.jpg,sitting,train
raw/standing/standing_002.jpg,standing,train
raw/standing/standing_107.jpg,standing,train
raw/standing/standing_092.jpg,standing,train
raw/sitting/sitting_097.jpg,sitting,train
raw/sitting/sitting_045.jpg,sitting,train
raw/standing/standing_075.jpg,standing,train
raw/waving/waving_005.jpg,waving,train
raw/standing/standing_008.jpg,standing,train
raw/standing/standing_064.jpg,standing,train
raw/waving/waving_114.jpg,waving,train
raw/waving/waving_012.jpg,waving,train
raw/sitting/sitting_032.jpg,sitting,train
raw/sitting/sitting_028.jpg,sitting,train
raw/standing/standing_111.jpg,standing,train
raw/standing/standing_081.jpg,standing,train
raw/waving/waving_087.jpg,waving,train
raw/waving/waving_034.jpg,waving,train
raw/sitting/sitting_089.jpg,sitting,train
raw/waving/waving_075.jpg,waving,train
raw/standing/standing_040.jpg,standing,train
raw/standing/standing_020.jpg,standing,train
raw/standing/standing_105.jpg,standing,train
raw/standing/standing_071.jpg,standing,train
raw/standing/standing_031.jpg,standing,train
raw/standing/standing_024.jpg,standing,train
raw/waving/waving_103.jpg,waving,train
raw/waving/waving_072.jpg,waving,train
raw/waving/waving_030.jpg,waving,train
raw/sitting/sitting_036.jpg,sitting,train
raw/sitting/sitting_035.jpg,sitting,train
raw/waving/waving_109.jpg,waving,train
raw/sitting/sitting_006.jpg,sitting,train
raw/standing/standing_069.jpg,standing,train
raw/standing/standing_017.jpg,standing,train
raw/standing/standing_113.jpg,standing,train
raw/sitting/sitting_065.jpg,sitting,train
raw/standing/standing_019.jpg,standing,train
raw/sitting/sitting_027.jpg,sitting,train
raw/standing/standing_067.jpg,standing,train
raw/waving/waving_008.jpg,waving,train
raw/sitting/sitting_017.jpg,sitting,train
raw/waving/waving_056.jpg,waving,train
raw/standing/standing_101.jpg,standing,train
raw/waving/waving_037.jpg,waving,train
raw/sitting/sitting_090.jpg,sitting,train
raw/sitting/sitting_018.jpg,sitting,train
raw/waving/waving_079.jpg,waving,train
raw/waving/waving_077.jpg,waving,train
raw/sitting/sitting_069.jpg,sitting,train
raw/waving/waving_015.jpg,waving,train
raw/waving/waving_098.jpg,waving,train
raw/waving/waving_032.jpg,waving,train
raw/standing/standing_006.jpg,standing,train
raw/standing/standing_053.jpg,standing,train
raw/waving/waving_044.jpg,waving,train
raw/sitting/sitting_020.jpg,sitting,train
raw/waving/waving_006.jpg,waving,train
raw/waving/waving_018.jpg,waving,train
raw/sitting/sitting_050.jpg,sitting,train
raw/waving/waving_099.jpg,waving,train
raw/waving/waving_045.jpg,waving,train
raw/waving/waving_024.jpg,waving,train
raw/sitting/sitting_009.jpg,sitting,train
raw/standing/standing_117.jpg,standing,train
raw/standing/standing_026.jpg,standing,train
raw/standing/standing_011.jpg,standing,train
raw/standing/standing_094.jpg,standing,train
raw/waving/waving_027.jpg,waving,train
raw/standing/standing_058.jpg,standing,train
raw/standing/standing_030.jpg,standing,train
raw/sitting/sitting_011.jpg,sitting,train
raw/sitting/sitting_101.jpg,sitting,train
raw/sitting/sitting_105.jpg,sitting,train
raw/waving/waving_061.jpg,waving,train
raw/sitting/sitting_111.jpg,sitting,train
raw/sitting/sitting_008.jpg,sitting,train
raw/standing/standing_102.jpg,standing,train
raw/sitting/sitting_068.jpg,sitting,train
raw/sitting/sitting_012.jpg,sitting,train
raw/standing/standing_109.jpg,standing,train
raw/standing/standing_045.jpg,standing,train
raw/sitting/sitting_040.jpg,sitting,train
raw/standing/standing_046.jpg,standing,train
raw/sitting/sitting_013.jpg,sitting,train
raw/waving/waving_064.jpg,waving,train
raw/waving/waving_004.jpg,waving,train
raw/sitting/sitting_119.jpg,sitting,train
raw/waving/waving_068.jpg,waving,train
raw/sitting/sitting_070.jpg,sitting,train
raw/standing/standing_112.jpg,standing,train
raw/standing/standing_036.jpg,standing,train
raw/waving/waving_104.jpg,waving,train
raw/sitting/sitting_110.jpg,sitting,train
raw/waving/waving_021.jpg,waving,train
raw/standing/standing_074.jpg,standing,train
raw/standing/standing_066.jpg,standing,train
raw/standing/standing_093.jpg,standing,train
raw/waving/waving_119.jpg,waving,train
raw/standing/standing_057.jpg,standing,train
raw/standing/standing_049.jpg,standing,train
raw/waving/waving_062.jpg,waving,train
raw/sitting/sitting_079.jpg,sitting,train
raw/standing/standing_070.jpg,standing,train
raw/sitting/sitting_071.jpg,sitting,train
raw/waving/waving_094.jpg,waving,train
raw/standing/standing_021.jpg,standing,train
raw/waving/waving_060.jpg,waving,train
raw/sitting/sitting_044.jpg,sitting,train
raw/sitting/sitting_067.jpg,sitting,train
raw/waving/waving_105.jpg,waving,train
raw/waving/waving_038.jpg,waving,train
raw/sitting/sitting_043.jpg,sitting,train
raw/sitting/sitting_001.jpg,sitting,train
raw/standing/standing_085.jpg,standing,train
raw/sitting/sitting_014.jpg,sitting,train
raw/waving/waving_110.jpg,waving,validation
raw/standing/standing_077.jpg,standing,validation
raw/standing/standing_027.jpg,standing,validation
raw/standing/standing_062.jpg,standing,validation
raw/standing/standing_023.jpg,standing,validation
raw/waving/waving_052.jpg,waving,validation
raw/sitting/sitting_094.jpg,sitting,validation
raw/waving/waving_036.jpg,waving,validation
raw/sitting/sitting_052.jpg,sitting,validation
raw/waving/waving_033.jpg,waving,validation
raw/waving/waving_020.jpg,waving,validation
raw/sitting/sitting_109.jpg,sitting,validation
raw/sitting/sitting_107.jpg,sitting,validation
raw/waving/waving_057.jpg,waving,validation
raw/sitting/sitting_120.jpg,sitting,validation
raw/standing/standing_106.jpg,standing,validation
raw/standing/standing_015.jpg,standing,validation
raw/sitting/sitting_022.jpg,sitting,validation
raw/sitting/sitting_003.jpg,sitting,validation
raw/waving/waving_070.jpg,waving,validation
raw/standing/standing_103.jpg,standing,validation
raw/sitting/sitting_100.jpg,sitting,validation
raw/sitting/sitting_087.jpg,sitting,validation
raw/standing/standing_072.jpg,standing,validation
raw/sitting/sitting_113.jpg,sitting,validation
raw/waving/waving_011.jpg,waving,validation
raw/waving/waving_118.jpg,waving,validation
raw/waving/waving_093.jpg,waving,validation
raw/waving/waving_001.jpg,waving,validation
raw/standing/standing_028.jpg,standing,validation
raw/waving/waving_107.jpg,waving,validation
raw/standing/standing_065.jpg,standing,validation
raw/sitting/sitting_038.jpg,sitting,validation
raw/sitting/sitting_106.jpg,sitting,validation
raw/sitting/sitting_088.jpg,sitting,validation
raw/waving/waving_089.jpg,waving,validation
raw/standing/standing_033.jpg,standing,validation
raw/standing/standing_073.jpg,standing,validation
raw/standing/standing_090.jpg,standing,validation
raw/waving/waving_067.jpg,waving,validation
raw/standing/standing_014.jpg,standing,validation
raw/standing/standing_047.jpg,standing,validation
raw/waving/waving_071.jpg,waving,validation
raw/standing/standing_035.jpg,standing,validation
raw/sitting/sitting_002.jpg,sitting,validation
raw/sitting/sitting_075.jpg,sitting,validation
raw/sitting/sitting_104.jpg,sitting,validation
raw/sitting/sitting_103.jpg,sitting,validation
raw/standing/standing_086.jpg,standing,validation
raw/waving/waving_097.jpg,waving,validation
raw/waving/waving_120.jpg,waving,validation
raw/waving/waving_023.jpg,waving,validation
raw/sitting/sitting_059.jpg,sitting,validation
raw/standing/standing_051.jpg,standing,validation
raw/sitting/sitting_064.jpg,sitting,test
raw/sitting/sitting_058.jpg,sitting,test
raw/sitting/sitting_061.jpg,sitting,test
raw/sitting/sitting_116.jpg,sitting,test
raw/standing/standing_034.jpg,standing,test
raw/waving/waving_092.jpg,waving,test
raw/waving/waving_031.jpg,waving,test
raw/sitting/sitting_053.jpg,sitting,test
raw/waving/waving_096.jpg,waving,test
raw/waving/waving_039.jpg,waving,test
raw/standing/standing_088.jpg,standing,test
raw/standing/standing_079.jpg,standing,test
raw/standing/standing_044.jpg,standing,test
raw/waving/waving_073.jpg,waving,test
raw/waving/waving_003.jpg,waving,test
raw/waving/waving_007.jpg,waving,test
raw/standing/standing_078.jpg,standing,test
raw/sitting/sitting_030.jpg,sitting,test
raw/waving/waving_090.jpg,waving,test
raw/waving/waving_042.jpg,waving,test
raw/sitting/sitting_042.jpg,sitting,test
raw/sitting/sitting_102.jpg,sitting,test
raw/sitting/sitting_060.jpg,sitting,test
raw/standing/standing_007.jpg,standing,test
raw/standing/standing_005.jpg,standing,test
raw/sitting/sitting_024.jpg,sitting,test
raw/waving/waving_082.jpg,waving,test
raw/standing/standing_001.jpg,standing,test
raw/standing/standing_091.jpg,standing,test
raw/standing/standing_041.jpg,standing,test
raw/standing/standing_003.jpg,standing,test
raw/sitting/sitting_072.jpg,sitting,test
raw/standing/standing_042.jpg,standing,test
raw/waving/waving_040.jpg,waving,test
raw/sitting/sitting_076.jpg,sitting,test
raw/waving/waving_050.jpg,waving,test
raw/sitting/sitting_033.jpg,sitting,test
raw/waving/waving_080.jpg,waving,test
raw/sitting/sitting_021.jpg,sitting,test
raw/sitting/sitting_083.jpg,sitting,test
raw/standing/standing_104.jpg,standing,test
raw/sitting/sitting_015.jpg,sitting,test
raw/standing/standing_048.jpg,standing,test
raw/waving/waving_059.jpg,waving,test
raw/standing/standing_009.jpg,standing,test
raw/waving/waving_016.jpg,waving,test
raw/sitting/sitting_049.jpg,sitting,test
raw/standing/standing_037.jpg,standing,test
raw/standing/standing_099.jpg,standing,test
raw/waving/waving_115.jpg,waving,test
raw/waving/waving_019.jpg,waving,test
raw/waving/waving_112.jpg,waving,test
raw/standing/standing_012.jpg,standing,test
raw/sitting/sitting_093.jpg,sitting,test
